<?xml version="1.0" encoding="UTF-8"?>

<Basic xmlns="http://hl7.org/fhir">
  <id value="CHE.FXREQ.027.A"/>
  <meta>
    <profile value="http://smart.who.int/base/StructureDefinition/SGRequirements"/>
  </meta>
  <text>
    <status value="generated"/><div xmlns="http://www.w3.org/1999/xhtml"><p class="res-header-id"><b>Generated Narrative: Requirements CHE.FXREQ.027.A</b></p><a name="CHE.FXREQ.027.A"> </a><a name="hcCHE.FXREQ.027.A"> </a><a name="CHE.FXREQ.027.A-en-US"> </a><div style="display: inline-block; background-color: #d9e0e7; padding: 6px; margin: 4px; border: 1px solid #8da1b4; border-radius: 5px; line-height: 60%"><p style="margin-bottom: 0px"/><p style="margin-bottom: 0px">Profile: <a href="https://build.fhir.org/ig/WorldHealthOrganization/smart-base/StructureDefinition-SGRequirements.html">SGRequirements</a></p></div><p>These requirements apply to the actor <a href="ActorDefinition-healthworkerorclerk.html">Health worker or clerk</a></p><table class="grid"/></div>
  </text>
  <extension url="http://smart.who.int/base/StructureDefinition/SGUserStory">
    <extension url="http://smart.who.int/base/StructureDefinition/SGString">
      <valueString value="Provide the ability to &quot;check in&quot; for a scheduled contact"/>
    </extension>
    <extension url="http://smart.who.int/base/StructureDefinition/SGString">
      <valueString value="I can initiate services at the follow-up contact"/>
    </extension>
  </extension>
  <extension url="http://hl7.org/fhir/5.0/StructureDefinition/extension-Requirements.url">
    <valueUri value="http://smart.who.int/dak-ccc/Requirements/CHE.FXREQ.027.A"/>
  </extension>
  <extension url="http://hl7.org/fhir/5.0/StructureDefinition/extension-Requirements.version">
    <valueString value="1.0.0"/>
  </extension>
  <extension url="http://hl7.org/fhir/5.0/StructureDefinition/extension-Requirements.name">
    <valueString value="Provide the ability to &quot;check in&quot; for a scheduled contact"/>
  </extension>
  <extension url="http://hl7.org/fhir/5.0/StructureDefinition/extension-Requirements.title">
    <valueString value="Provide the ability to &quot;check in&quot; for a scheduled contact"/>
  </extension>
  <extension url="http://hl7.org/fhir/5.0/StructureDefinition/extension-Requirements.status">
    <valueCode value="active"/>
  </extension>
  <extension url="http://hl7.org/fhir/5.0/StructureDefinition/extension-Requirements.experimental">
    <valueBoolean value="true"/>
  </extension>
  <extension url="http://hl7.org/fhir/5.0/StructureDefinition/extension-Requirements.date">
    <valueDateTime value="2025-04-18T02:23:52+00:00"/>
  </extension>
  <extension url="http://hl7.org/fhir/5.0/StructureDefinition/extension-Requirements.publisher">
    <valueString value="WHO"/>
  </extension>
  <extension url="http://hl7.org/fhir/5.0/StructureDefinition/extension-Requirements.contact">
    <valueContactDetail>
      <name value="WHO"/>
      <telecom>
        <system value="url"/>
        <value value="http://who.int"/>
      </telecom>
    </valueContactDetail>
  </extension>
  <extension url="http://hl7.org/fhir/5.0/StructureDefinition/extension-Requirements.description">
    <valueMarkdown value="*Business process* (A) Registration:&#xA;As a &lt;a href=&quot;ActorDefinition-healthworkerorclerk.html&quot;&gt;Health worker or clerk&lt;/a&gt;, I want to:&#xA;&gt;Provide the ability to \&quot;check in\&quot; for a scheduled contact&#xA;&#xA;so that&#xA;&#xA;&gt;I can initiate services at the follow-up contact"/>
  </extension>
  <extension url="http://hl7.org/fhir/5.0/StructureDefinition/extension-Requirements.jurisdiction"/>
  <extension url="http://hl7.org/fhir/5.0/StructureDefinition/extension-Requirements.actor">
    <valueCanonical value="http://smart.who.int/dak-ccc/ActorDefinition/healthworkerorclerk"/>
  </extension>
  <code>
    <coding>
      <system value="http://hl7.org/fhir/fhir-types"/>
      <code value="Requirements"/>
    </coding>
  </code>
</Basic>