{
  "resourceType" : "Basic",
  "id" : "CHE.NFXNREQ.024",
  "meta" : {
    "profile" : ["http://smart.who.int/base/StructureDefinition/SGRequirements"]
  },
  "text" : {
    "status" : "generated",
    "div" : "<div xmlns=\"http://www.w3.org/1999/xhtml\"><p class=\"res-header-id\"><b>Generated Narrative: Requirements CHE.NFXNREQ.024</b></p><a name=\"CHE.NFXNREQ.024\"> </a><a name=\"hcCHE.NFXNREQ.024\"> </a><a name=\"CHE.NFXNREQ.024-en-US\"> </a><div style=\"display: inline-block; background-color: #d9e0e7; padding: 6px; margin: 4px; border: 1px solid #8da1b4; border-radius: 5px; line-height: 60%\"><p style=\"margin-bottom: 0px\"/><p style=\"margin-bottom: 0px\">Profile: <a href=\"https://build.fhir.org/ig/WorldHealthOrganization/smart-base/StructureDefinition-SGRequirements.html\">SGRequirements</a></p></div><table class=\"grid\"/></div>"
  },
  "extension" : [{
    "url" : "http://hl7.org/fhir/5.0/StructureDefinition/extension-Requirements.url",
    "valueUri" : "http://smart.who.int/dak-ccc/Requirements/CHE.NFXNREQ.024"
  },
  {
    "url" : "http://hl7.org/fhir/5.0/StructureDefinition/extension-Requirements.version",
    "valueString" : "1.0.0"
  },
  {
    "url" : "http://hl7.org/fhir/5.0/StructureDefinition/extension-Requirements.name",
    "valueString" : "Allow user with permission to create a new user and temporary password"
  },
  {
    "url" : "http://hl7.org/fhir/5.0/StructureDefinition/extension-Requirements.title",
    "valueString" : "Allow user with permission to create a new user and temporary password"
  },
  {
    "url" : "http://hl7.org/fhir/5.0/StructureDefinition/extension-Requirements.status",
    "valueCode" : "active"
  },
  {
    "url" : "http://hl7.org/fhir/5.0/StructureDefinition/extension-Requirements.experimental",
    "valueBoolean" : true
  },
  {
    "url" : "http://hl7.org/fhir/5.0/StructureDefinition/extension-Requirements.date",
    "valueDateTime" : "2025-04-18T02:23:52+00:00"
  },
  {
    "url" : "http://hl7.org/fhir/5.0/StructureDefinition/extension-Requirements.publisher",
    "valueString" : "WHO"
  },
  {
    "url" : "http://hl7.org/fhir/5.0/StructureDefinition/extension-Requirements.contact",
    "valueContactDetail" : {
      "name" : "WHO",
      "telecom" : [{
        "system" : "url",
        "value" : "http://who.int"
      }]
    }
  },
  {
    "url" : "http://hl7.org/fhir/5.0/StructureDefinition/extension-Requirements.description",
    "valueMarkdown" : "*Category*: Security – user management\nAllow user with permission to create a new user and temporary password"
  },
  {
    "url" : "http://hl7.org/fhir/5.0/StructureDefinition/extension-Requirements.jurisdiction"
  }],
  "code" : {
    "coding" : [{
      "system" : "http://hl7.org/fhir/fhir-types",
      "code" : "Requirements"
    }]
  }
}