{
  "resourceType" : "Basic",
  "id" : "CHE.FXREQ.017.B",
  "meta" : {
    "profile" : ["http://smart.who.int/base/StructureDefinition/SGRequirements"]
  },
  "text" : {
    "status" : "generated",
    "div" : "<div xmlns=\"http://www.w3.org/1999/xhtml\"><p class=\"res-header-id\"><b>Generated Narrative: Requirements CHE.FXREQ.017.B</b></p><a name=\"CHE.FXREQ.017.B\"> </a><a name=\"hcCHE.FXREQ.017.B\"> </a><a name=\"CHE.FXREQ.017.B-en-US\"> </a><div style=\"display: inline-block; background-color: #d9e0e7; padding: 6px; margin: 4px; border: 1px solid #8da1b4; border-radius: 5px; line-height: 60%\"><p style=\"margin-bottom: 0px\"/><p style=\"margin-bottom: 0px\">Profile: <a href=\"https://build.fhir.org/ig/WorldHealthOrganization/smart-base/StructureDefinition-SGRequirements.html\">SGRequirements</a></p></div><p>These requirements apply to the actor <a href=\"ActorDefinition-healthworker.html\">Health worker</a></p><table class=\"grid\"/></div>"
  },
  "extension" : [{
    "extension" : [{
      "url" : "http://smart.who.int/base/StructureDefinition/SGString",
      "valueString" : "To be able to follow a consultation that focuses initially on the symptoms highlighted by the caregiver but that continues a full assessment of all possible symptoms "
    },
    {
      "url" : "http://smart.who.int/base/StructureDefinition/SGString",
      "valueString" : "I can provide a complete consultation and identify if there is more than one diagnosis and treatment recommendation"
    }],
    "url" : "http://smart.who.int/base/StructureDefinition/SGUserStory"
  },
  {
    "url" : "http://hl7.org/fhir/5.0/StructureDefinition/extension-Requirements.url",
    "valueUri" : "http://smart.who.int/dak-ccc/Requirements/CHE.FXREQ.017.B"
  },
  {
    "url" : "http://hl7.org/fhir/5.0/StructureDefinition/extension-Requirements.version",
    "valueString" : "1.0.0"
  },
  {
    "url" : "http://hl7.org/fhir/5.0/StructureDefinition/extension-Requirements.name",
    "valueString" : "To be able to follow a consultation that focuses initially on the symptoms highlighted by the caregiver but that continues a full assessment of all possible symptoms "
  },
  {
    "url" : "http://hl7.org/fhir/5.0/StructureDefinition/extension-Requirements.title",
    "valueString" : "To be able to follow a consultation that focuses initially on the symptoms highlighted by the caregiver but that continues a full assessment of all possible symptoms "
  },
  {
    "url" : "http://hl7.org/fhir/5.0/StructureDefinition/extension-Requirements.status",
    "valueCode" : "active"
  },
  {
    "url" : "http://hl7.org/fhir/5.0/StructureDefinition/extension-Requirements.experimental",
    "valueBoolean" : true
  },
  {
    "url" : "http://hl7.org/fhir/5.0/StructureDefinition/extension-Requirements.date",
    "valueDateTime" : "2025-04-18T02:23:52+00:00"
  },
  {
    "url" : "http://hl7.org/fhir/5.0/StructureDefinition/extension-Requirements.publisher",
    "valueString" : "WHO"
  },
  {
    "url" : "http://hl7.org/fhir/5.0/StructureDefinition/extension-Requirements.contact",
    "valueContactDetail" : {
      "name" : "WHO",
      "telecom" : [{
        "system" : "url",
        "value" : "http://who.int"
      }]
    }
  },
  {
    "url" : "http://hl7.org/fhir/5.0/StructureDefinition/extension-Requirements.description",
    "valueMarkdown" : "*Business process* (B) Assess and Classify the Sick Child:\nAs a <a href=\"ActorDefinition-healthworker.html\">Health worker</a>, I want to:\n>To be able to follow a consultation that focuses initially on the symptoms highlighted by the caregiver but that continues a full assessment of all possible symptoms \n\nso that\n\n>I can provide a complete consultation and identify if there is more than one diagnosis and treatment recommendation"
  },
  {
    "url" : "http://hl7.org/fhir/5.0/StructureDefinition/extension-Requirements.jurisdiction"
  },
  {
    "url" : "http://hl7.org/fhir/5.0/StructureDefinition/extension-Requirements.actor",
    "valueCanonical" : "http://smart.who.int/dak-ccc/ActorDefinition/healthworker"
  }],
  "code" : {
    "coding" : [{
      "system" : "http://hl7.org/fhir/fhir-types",
      "code" : "Requirements"
    }]
  }
}