{
  "resourceType" : "Basic",
  "id" : "CHE.FXREQ.013.A",
  "meta" : {
    "profile" : ["http://smart.who.int/base/StructureDefinition/SGRequirements"]
  },
  "text" : {
    "status" : "generated",
    "div" : "<div xmlns=\"http://www.w3.org/1999/xhtml\"><p class=\"res-header-id\"><b>Generated Narrative: Requirements CHE.FXREQ.013.A</b></p><a name=\"CHE.FXREQ.013.A\"> </a><a name=\"hcCHE.FXREQ.013.A\"> </a><a name=\"CHE.FXREQ.013.A-en-US\"> </a><div style=\"display: inline-block; background-color: #d9e0e7; padding: 6px; margin: 4px; border: 1px solid #8da1b4; border-radius: 5px; line-height: 60%\"><p style=\"margin-bottom: 0px\"/><p style=\"margin-bottom: 0px\">Profile: <a href=\"https://build.fhir.org/ig/WorldHealthOrganization/smart-base/StructureDefinition-SGRequirements.html\">SGRequirements</a></p></div><p>These requirements apply to the actor <a href=\"ActorDefinition-healthworkerorclerk.html\">Health worker or clerk</a></p><table class=\"grid\"/></div>"
  },
  "extension" : [{
    "extension" : [{
      "url" : "http://smart.who.int/base/StructureDefinition/SGString",
      "valueString" : "Provide sufficient data to rule out that this client is already in the system"
    },
    {
      "url" : "http://smart.who.int/base/StructureDefinition/SGString",
      "valueString" : "I can avoid duplicates "
    }],
    "url" : "http://smart.who.int/base/StructureDefinition/SGUserStory"
  },
  {
    "url" : "http://hl7.org/fhir/5.0/StructureDefinition/extension-Requirements.url",
    "valueUri" : "http://smart.who.int/dak-ccc/Requirements/CHE.FXREQ.013.A"
  },
  {
    "url" : "http://hl7.org/fhir/5.0/StructureDefinition/extension-Requirements.version",
    "valueString" : "1.0.0"
  },
  {
    "url" : "http://hl7.org/fhir/5.0/StructureDefinition/extension-Requirements.name",
    "valueString" : "Provide sufficient data to rule out that this client is already in the system"
  },
  {
    "url" : "http://hl7.org/fhir/5.0/StructureDefinition/extension-Requirements.title",
    "valueString" : "Provide sufficient data to rule out that this client is already in the system"
  },
  {
    "url" : "http://hl7.org/fhir/5.0/StructureDefinition/extension-Requirements.status",
    "valueCode" : "active"
  },
  {
    "url" : "http://hl7.org/fhir/5.0/StructureDefinition/extension-Requirements.experimental",
    "valueBoolean" : true
  },
  {
    "url" : "http://hl7.org/fhir/5.0/StructureDefinition/extension-Requirements.date",
    "valueDateTime" : "2025-04-18T02:23:52+00:00"
  },
  {
    "url" : "http://hl7.org/fhir/5.0/StructureDefinition/extension-Requirements.publisher",
    "valueString" : "WHO"
  },
  {
    "url" : "http://hl7.org/fhir/5.0/StructureDefinition/extension-Requirements.contact",
    "valueContactDetail" : {
      "name" : "WHO",
      "telecom" : [{
        "system" : "url",
        "value" : "http://who.int"
      }]
    }
  },
  {
    "url" : "http://hl7.org/fhir/5.0/StructureDefinition/extension-Requirements.description",
    "valueMarkdown" : "*Business process* (A) Registration:\nAs a <a href=\"ActorDefinition-healthworkerorclerk.html\">Health worker or clerk</a>, I want to:\n>Provide sufficient data to rule out that this client is already in the system\n\nso that\n\n>I can avoid duplicates "
  },
  {
    "url" : "http://hl7.org/fhir/5.0/StructureDefinition/extension-Requirements.jurisdiction"
  },
  {
    "url" : "http://hl7.org/fhir/5.0/StructureDefinition/extension-Requirements.actor",
    "valueCanonical" : "http://smart.who.int/dak-ccc/ActorDefinition/healthworkerorclerk"
  }],
  "code" : {
    "coding" : [{
      "system" : "http://hl7.org/fhir/fhir-types",
      "code" : "Requirements"
    }]
  }
}